[
  {
    "id": "70b54403-b8f2-4387-8848-82a7dd939235",
    "data": [
      {
        "text": "que onda",
        "userDefined": false
      }
    ],
    "isTemplate": false,
    "count": 0,
    "lang": "es",
    "updated": 0
  },
  {
    "id": "9f7ac0e5-8a1a-4fd7-8ecc-18b94468086b",
    "data": [
      {
        "text": "a",
        "userDefined": false
      }
    ],
    "isTemplate": false,
    "count": 0,
    "lang": "es",
    "updated": 0
  },
  {
    "id": "d2d34f24-eb8d-4ae1-b3db-1d73b56df5c9",
    "data": [
      {
        "text": "Hey",
        "userDefined": false
      }
    ],
    "isTemplate": false,
    "count": 0,
    "lang": "es",
    "updated": 0
  },
  {
    "id": "9cca59bc-feca-4d1e-8610-640e4b882244",
    "data": [
      {
        "text": "Ey",
        "meta": "@sys.ignore",
        "userDefined": false
      }
    ],
    "isTemplate": false,
    "count": 0,
    "lang": "es",
    "updated": 0
  },
  {
    "id": "04f516d7-3982-4e13-a5be-2607e0cabd8d",
    "data": [
      {
        "text": "Hola",
        "userDefined": false
      }
    ],
    "isTemplate": false,
    "count": 0,
    "lang": "es",
    "updated": 0
  }
]