[
  {
    "id": "10f6c59a-201c-4c18-8bac-b6abec76b9c6",
    "data": [
      {
        "text": "Si",
        "meta": "@first",
        "alias": "first",
        "userDefined": true
      },
      {
        "text": ", incluso me sorprendí",
        "userDefined": false
      }
    ],
    "isTemplate": false,
    "count": 0,
    "lang": "es",
    "updated": 0
  },
  {
    "id": "8f967f37-5d82-4bf6-9fc4-eeb939f9e6d8",
    "data": [
      {
        "text": "No",
        "meta": "@first",
        "alias": "first",
        "userDefined": true
      },
      {
        "text": ", el profesor siempre nos esta ",
        "userDefined": false
      },
      {
        "text": "faltando",
        "meta": "@sys.ignore",
        "userDefined": false
      },
      {
        "text": " al ",
        "userDefined": false
      },
      {
        "text": "respeto",
        "meta": "@sys.ignore",
        "userDefined": false
      }
    ],
    "isTemplate": false,
    "count": 0,
    "lang": "es",
    "updated": 0
  },
  {
    "id": "79de2a9a-dcdd-4c21-ac03-c71a3d0c573d",
    "data": [
      {
        "text": "El profe siempre ",
        "userDefined": false
      },
      {
        "text": "falta",
        "meta": "@problematica",
        "alias": "problematica",
        "userDefined": true
      },
      {
        "text": " a las clases",
        "userDefined": false
      }
    ],
    "isTemplate": false,
    "count": 0,
    "lang": "es",
    "updated": 0
  },
  {
    "id": "024fc7b5-c1e2-477d-93c5-f4eba5f35176",
    "data": [
      {
        "text": "El profe me ",
        "userDefined": false
      },
      {
        "text": "acoso",
        "meta": "@problematica",
        "alias": "problematica",
        "userDefined": true
      },
      {
        "text": " durante unas semanas",
        "userDefined": false
      }
    ],
    "isTemplate": false,
    "count": 0,
    "lang": "es",
    "updated": 0
  },
  {
    "id": "4aac8f03-3fcc-4611-a046-f7e879bb9848",
    "data": [
      {
        "text": "me puso ",
        "userDefined": false
      },
      {
        "text": "una",
        "meta": "@sys.ignore",
        "userDefined": false
      },
      {
        "text": " ",
        "userDefined": false
      },
      {
        "text": "calificación",
        "meta": "@problematica",
        "alias": "problematica",
        "userDefined": true
      },
      {
        "text": " que no ",
        "userDefined": false
      },
      {
        "text": "es",
        "meta": "@sys.ignore",
        "userDefined": false
      },
      {
        "text": " en el parcial",
        "userDefined": false
      }
    ],
    "isTemplate": false,
    "count": 0,
    "lang": "es",
    "updated": 0
  },
  {
    "id": "b7022ad0-6a6e-43cc-acff-8b4fc608e6b1",
    "data": [
      {
        "text": "El profesor me puso ",
        "userDefined": false
      },
      {
        "text": "NP",
        "meta": "@problematica",
        "alias": "problematica",
        "userDefined": true
      },
      {
        "text": " cuando tengo todas las actividades",
        "userDefined": false
      }
    ],
    "isTemplate": false,
    "count": 0,
    "lang": "es",
    "updated": 0
  },
  {
    "id": "22c5dfee-8c21-42da-9dbb-28ef39a696c8",
    "data": [
      {
        "text": "Mi correo es ",
        "userDefined": false
      },
      {
        "text": "A18310151@Gmail.com.mx",
        "meta": "@sys.given-name",
        "alias": "given-name",
        "userDefined": true
      }
    ],
    "isTemplate": false,
    "count": 0,
    "lang": "es",
    "updated": 0
  },
  {
    "id": "94e8b366-edac-4fe2-b593-1e5fb057eea0",
    "data": [
      {
        "text": "Si claro, el correo es ",
        "userDefined": false
      },
      {
        "text": "A19110178@Gmail.com.mx",
        "meta": "@sys.email",
        "alias": "email",
        "userDefined": true
      }
    ],
    "isTemplate": false,
    "count": 0,
    "lang": "es",
    "updated": 0
  },
  {
    "id": "4ece3899-0506-43ea-95ff-4801a92da532",
    "data": [
      {
        "text": "El nombre de ",
        "userDefined": false
      },
      {
        "text": "mi",
        "meta": "@sys.ignore",
        "userDefined": false
      },
      {
        "text": " profe ",
        "userDefined": false
      },
      {
        "text": "es",
        "meta": "@sys.ignore",
        "userDefined": false
      },
      {
        "text": " ",
        "userDefined": false
      },
      {
        "text": "Valentin",
        "meta": "@sys.given-name",
        "alias": "given-name",
        "userDefined": false
      }
    ],
    "isTemplate": false,
    "count": 0,
    "lang": "es",
    "updated": 0
  },
  {
    "id": "2ad3f5bb-7628-49b8-9bf5-3211ebe07c4c",
    "data": [
      {
        "text": "Tengo ",
        "userDefined": false
      },
      {
        "text": "un",
        "meta": "@sys.ignore",
        "userDefined": false
      },
      {
        "text": " ",
        "userDefined": false
      },
      {
        "text": "problema",
        "meta": "@sys.ignore",
        "userDefined": true
      },
      {
        "text": " con ",
        "userDefined": false
      },
      {
        "text": "un",
        "meta": "@sys.ignore",
        "userDefined": false
      },
      {
        "text": " ",
        "userDefined": false
      },
      {
        "text": "profesor",
        "meta": "@sys.ignore",
        "userDefined": true
      }
    ],
    "isTemplate": false,
    "count": 0,
    "lang": "es",
    "updated": 0
  },
  {
    "id": "b91dd0dc-c187-4214-a758-5ee6788aaf82",
    "data": [
      {
        "text": "Me llamo ",
        "userDefined": false
      },
      {
        "text": "Jesús",
        "meta": "@name",
        "alias": "name",
        "userDefined": true
      },
      {
        "text": " y mi registro es ",
        "userDefined": false
      },
      {
        "text": "18310151",
        "meta": "@sys.number",
        "alias": "number",
        "userDefined": true
      }
    ],
    "isTemplate": false,
    "count": 0,
    "lang": "es",
    "updated": 0
  },
  {
    "id": "2492843c-4d44-43f8-a3be-1cd06b78fd8c",
    "data": [
      {
        "text": "mi nombre es ",
        "userDefined": false
      },
      {
        "text": "Miguel",
        "meta": "@name",
        "alias": "name",
        "userDefined": true
      },
      {
        "text": " y mi registro es ",
        "userDefined": false
      },
      {
        "text": "19110178",
        "meta": "@sys.number",
        "alias": "number",
        "userDefined": true
      }
    ],
    "isTemplate": false,
    "count": 0,
    "lang": "es",
    "updated": 0
  },
  {
    "id": "ce30c622-6fa6-452c-9094-637342b9d29b",
    "data": [
      {
        "text": "Quiero ",
        "userDefined": false
      },
      {
        "text": "reportar a un profesor",
        "meta": "@sys.ignore",
        "userDefined": true
      }
    ],
    "isTemplate": false,
    "count": 0,
    "lang": "es",
    "updated": 0
  },
  {
    "id": "f8dba915-4ec3-4125-b371-3942994face6",
    "data": [
      {
        "text": "Tengo ",
        "userDefined": false
      },
      {
        "text": "Un",
        "meta": "@sys.ignore",
        "userDefined": false
      },
      {
        "text": " ",
        "userDefined": false
      },
      {
        "text": "Problema",
        "meta": "@sys.ignore",
        "userDefined": true
      }
    ],
    "isTemplate": false,
    "count": 0,
    "lang": "es",
    "updated": 0
  }
]